INSERT INTO Garage_facility (id, location) VALUES
(1, "ул. Садовая, д. 34"),
(2, "пр-кт Ленинградский, д. 12"),
(3, "ул. Центральная, д. 58"),
(4, "ул. Ключевая, д. 36"),
(5, "ул. Южная, д. 11");

INSERT INTO Transport (id, garage_id, brand, model, color, number, receive_date, decommissioning_date, transport_type) VALUES
(1, 1, "Hyundai", "Solaris", "Красный", "с237оа", "2020-11-23", NULL, "Такси"),
(2, 1, "Renault", "Logan", "Серый", "м824сн", "2021-02-15", NULL, "Такси"),
(3, 1, "Hyundai", "Solaris", "Белый", "о130кт", "2021-04-26", NULL, "Такси"),
(4, 1, "Kia", "Rio", "Черный", "е154рт", "2021-04-29", NULL, "Легковой"),
(5, 2, "Renault", "Kangoo", "Белый", "е887ус", "2021-05-10", NULL, "Грузовой"),
(6, 2, "Peugeot", "Boxer", "Белый", "н875ур", "2021-05-16", NULL, "Грузовой"),
(7, 2, "Foton", "Auman", "Синий", "т695тс", "2021-05-27", NULL, "Грузовой"),
(8, 3, "ЛиАЗ", "5256", "Бело-зеленый", "нх569", "2021-06-30", NULL, "Автобус"),
(9, 3, "Mercedes-Benz", "Sprinter", "Белый", "к478ос", "2021-07-08", NULL, "Маршрутное такси"),
(10, 3, "Volkswagen", "Crafter", "Черный", "с677нс", "2021-07-23", NULL, "Маршрутное такси"),
(11, NULL, "JCB", "4CX", "Оранжевый", NULL, "2022-04-01", "2022-04-08", "Вспомогательный"),
(12, 4, "Komatsu", "D85C-21", "Желтый", NULL, "2022-04-05", NULL, "Вспомогательный");

INSERT INTO Passenger_transport (id, passenger_capacity) VALUES
(1, 4),
(2, 4),
(3, 4),
(4, 4),
(8, 117),
(9, 17),
(10, 19);

INSERT INTO Freight_transport (id, load_capacity) VALUES
(5, 550),
(6, 1900),
(7, 7200);

INSERT INTO Auxiliary_transport (id) VALUES
(11), 
(12);

INSERT INTO Taxi (id) VALUES
(1),
(2),
(3);

INSERT INTO Car (id) VALUES
(4);

INSERT INTO Route (id, start_point, finish_point) VALUES
(1, "ул. Первомайская", "ул. Восточная"),
(2, "ул. Чапаева", "Вокзал"),
(3, "ул. Дачная", "Площадь Ленина"),
(4, "ул. Дорожная", "ул. Степная"),
(5, "ул. Молодежная", "ул. Школьная");

INSERT INTO Route_transport (id, route_id, fare) VALUES
(8, 1, 20),
(9, 3, 50),
(10, NULL, NULL);

INSERT INTO Bus (id) VALUES
(8);

INSERT INTO Minibus (id) VALUES
(9),
(10);

INSERT INTO Transport_usage (id, transport_id, start_datetime, end_datetime, mileage) VALUES
(1, 1, "2022-04-05 14:53:15", "2022-04-05 15:02:37", 4.37),
(2, 3, "2022-04-05 15:02:26", "2022-04-05 15:35:49", 20.28),
(3, 1, "2022-04-05 15:04:05", "2022-04-05 15:12:34", 5.04),
(4, 2, "2022-04-05 15:28:58", "2022-04-05 15:35:29", 6.25),
(5, 8, "2022-04-05 15:46:23", "2022-04-05 16:59:21", 41.84),
(6, 6, "2022-04-05 16:32:11", "2022-04-05 16:54:18", 16.21),
(7, 3, "2022-04-06 11:04:08", "2022-04-06 11:12:36", 3.91),
(8, 5, "2022-04-06 11:07:24", "2022-04-06 11:19:23", 4.37),
(9, 9, "2022-04-06 11:31:53", "2022-04-06 12:42:11", 36.57),
(10, 7, "2022-04-06 11:47:12", "2022-04-06 12:04:26", 7.17);

INSERT INTO Passenger_transport_usage (id, transport_id, passengers) VALUES
(1, 1, 3),
(2, 3, 2),
(3, 1, 1),
(4, 2, 2),
(5, 8, 53),
(7, 3, 2),
(9, 9, 16);

INSERT INTO Freight_transport_usage (id, transport_id, freight_volume) VALUES
(6, 6, 1235),
(8, 5, 418),
(10, 7, 4362);

INSERT INTO Repair (id, transport_id, garage_id, assembly, cost, start_datetime, end_datetime) VALUES
(1, 1, 5, "Двигатель", 23140.00, "2021-03-21 14:27:11", "2021-04-07 18:23:58"),
(2, 1, 5, "Электрооборудование", 4896.50, "2021-04-09 15:18:14", "2021-04-28 13:11:45"),
(3, 6, 5, "Трансмиссия", 15894.29, "2021-06-14 13:28:54", "2021-07-12 17:36:29"),
(4, 9, 5, "Тормозная система", 29550.00, "2022-01-18 10:57:55", "2022-02-02 14:23:00"),
(5, 3, 5, "Двигатель", 31500.00, "2022-02-15 09:16:43", "2022-02-27 13:15:51");

INSERT INTO Employee (id, name, birth_date, employee_position, chief_id, employee_type) VALUES
(1, "Егоров Вячеслав Валерьевич", "1983-02-21", "Начальник цеха", NULL, NULL),
(2, "Маркелов Артём Михайлович", "1976-04-13", "Начальник участка", 1, NULL),
(3, "Шульгина Ева Адамовна", "1992-05-02", "Начальник участка", 1, NULL),
(4, "Васильев Данила Иванович", "1985-11-11", "Мастер", 2, "Водитель"),
(5, "Богданов Евгений Константинович", "1989-07-27", "Мастер", 2, "Техник"),
(6, "Кольцов Артём Максимович", "1988-05-10", "Мастер", 3, "Сборщик"),
(7, "Высоцкий Кирилл Артёмович", "1962-08-27", "Бригадир", 4, "Водитель"),
(8, "Дубровина Милана Данииловна", "1998-04-30", "Бригадир", 4, "Водитель"),
(9, "Борисов Артём Александрович", "1985-06-29", "Бригадир", 5, "Техник"),
(10, "Шульгин Роман Иванович", "1978-11-23", "Бригадир", 6, "Сварщик"),
(11, "Яковлев Артём Тимурович", "1985-11-21", "Рабочий", 7, "Водитель"),
(12, "Кузнецов Павел Тихонович", "1988-04-13", "Рабочий", 7, "Водитель"),
(13, "Тарасов Всеволод Олегович", "1991-09-07", "Рабочий", 7, "Водитель"),
(14, "Горбунов Богдан Константинович", "1980-07-06", "Рабочий", 7, "Водитель"),
(15, "Михеев Николай Михайлович", "1976-02-01", "Рабочий", 8, "Водитель"),
(16, "Сергеев Даниил Алексеевич", "1982-04-15", "Рабочий", 9, "Сборщик"),
(17, "Мельников Лев Даниилович", "1992-06-25", "Рабочий", 10, "Слесарь");

INSERT INTO Driver (id, transport_id) VALUES
(4, 7),
(7, 6),
(8, 8),
(11, 9),
(12, 3),
(13, 5),
(14, 1),
(15, 2);

INSERT INTO Service_staff (id) VALUES
(5),
(6),
(9),
(10),
(16),
(17);

INSERT INTO Technician (id) VALUES
(5),
(9);

INSERT INTO Welder (id) VALUES
(10);

INSERT INTO Locksmith (id) VALUES
(17);

INSERT INTO Assembler (id) VALUES
(6),
(16);

INSERT INTO Repair_staff (repair_id, staff_id) VALUES
(1, 5),
(1, 9),
(1, 17),
(2, 5),
(3, 10),
(3, 17),
(4, 5),
(4, 6),
(4, 16),
(5, 5),
(5, 16),
(5, 17);
